<?xml version="1.0" encoding="UTF-8" standalone="yes"?>
<addon id="repository.madhead" name="my Test Repo" version="0.0.1" provider-name="ja">
	<extension point="xbmc.addon.repository" name="my Test Repo">
		<dir>
			<info compressed="false">https://raw.githubusercontent.com/totalrevolution/python-koding/master/zips/addons.xml</info>
			<checksum>https://raw.githubusercontent.com/totalrevolution/python-koding/master/zips/addons.xml.md5</checksum>
			<datadir zip="true">https://raw.githubusercontent.com/totalrevolution/python-koding/master/zips/</datadir>
		</dir>
		<info compressed="false">https://raw.githubusercontent.com/snug2/repository.madhead/master/zips/addons.xml</info>
		<checksum>https://raw.githubusercontent.com/snug2/repository.madhead/master/zips/addons.xml.md5</checksum>
		<datadir zip="true">https://raw.githubusercontent.com/snug2/repository.madhead/master/zips/</datadir>
	</extension>
	<extension point="xbmc.addon.metadata">
		<summary lang="en">tester repo</summary>
		<description lang="en">tester repo</description>
		<genre></genre>
	</extension>
</addon>